{
  "simple-if-else-reverse-1-35-rotorized.btor2": {
    "Success": {
      "props": [
        {
          "kind": "Bad",
          "name": "core-0-bad-exit-code",
          "node": 43003,
          "idx": 6
        }
      ],
      "steps": 109,
      "hyperfine": {
        "results": [
          {
            "command": "timeout --foreground 300s btormc ../selfie/examples/symbolic/simple-if-else-reverse-1-35-rotorized.btor2 -kmax 200",
            "mean": 30.807115358320004,
            "stddev": 0.31080401317958894,
            "median": 30.80666264832,
            "user": 29.740302480000004,
            "system": 1.06254524,
            "min": 30.46610565932,
            "max": 31.27752484632,
            "times": [
              30.80666264832,
              30.60032183132,
              30.46610565932,
              30.88496180632,
              31.27752484632
            ],
            "exit_codes": [
              0,
              0,
              0,
              0,
              0
            ]
          }
        ]
      },
      "wc_raw": 988591,
      "wc_btormc_dump": 62726
    }
  },
  "return-from-loop-1-35-rotorized.btor2": {
    "Failed": {
      "output": "",
      "hyperfine": {
        "results": [
          {
            "command": "timeout --foreground 300s btormc ../selfie/examples/symbolic/return-from-loop-1-35-rotorized.btor2 -kmax 200",
            "mean": 300.08933049853994,
            "stddev": 0.00459189318350802,
            "median": 300.08715637373996,
            "user": 267.01069026,
            "system": 33.04696628,
            "min": 300.08618642673997,
            "max": 300.09716617173996,
            "times": [
              300.08715637373996,
              300.08646500773995,
              300.08618642673997,
              300.08967851273997,
              300.09716617173996
            ],
            "exit_codes": [
              124,
              124,
              124,
              124,
              124
            ]
          }
        ]
      },
      "wc_raw": 907194,
      "wc_btormc_dump": 61312
    }
  },
  "nested-if-else-1-35-rotorized.btor2": {
    "Success": {
      "props": [
        {
          "kind": "Bad",
          "name": "core-0-bad-exit-code",
          "node": 50203,
          "idx": 6
        }
      ],
      "steps": 101,
      "hyperfine": {
        "results": [
          {
            "command": "timeout --foreground 300s btormc ../selfie/examples/symbolic/nested-if-else-1-35-rotorized.btor2 -kmax 200",
            "mean": 135.8078963968,
            "stddev": 1.096251027551275,
            "median": 135.974064738,
            "user": 124.85451602,
            "system": 10.9391767,
            "min": 134.461350933,
            "max": 136.854816271,
            "times": [
              136.854816271,
              135.974064738,
              136.839332753,
              134.461350933,
              134.909917289
            ],
            "exit_codes": [
              0,
              0,
              0,
              0,
              0
            ]
          }
        ]
      },
      "wc_raw": 1065092,
      "wc_btormc_dump": 63273
    }
  },
  "simple-if-else-1-35-rotorized.btor2": {
    "Success": {
      "props": [
        {
          "kind": "Bad",
          "name": "core-0-bad-exit-code",
          "node": 43003,
          "idx": 6
        }
      ],
      "steps": 109,
      "hyperfine": {
        "results": [
          {
            "command": "timeout --foreground 300s btormc ../selfie/examples/symbolic/simple-if-else-1-35-rotorized.btor2 -kmax 200",
            "mean": 216.05094574965997,
            "stddev": 1.7147998681235437,
            "median": 215.45410873386,
            "user": 211.51007544,
            "system": 4.513011399999999,
            "min": 214.74673803886,
            "max": 219.02390214286,
            "times": [
              215.13288054186,
              215.45410873386,
              215.89709929086,
              214.74673803886,
              219.02390214286
            ],
            "exit_codes": [
              0,
              0,
              0,
              0,
              0
            ]
          }
        ]
      },
      "wc_raw": 986140,
      "wc_btormc_dump": 62223
    }
  },
  "nested-recursion-fail-1-35-rotorized.btor2": {
    "Failed": {
      "output": "",
      "hyperfine": {
        "results": [
          {
            "command": "timeout --foreground 300s btormc ../selfie/examples/symbolic/nested-recursion-fail-1-35-rotorized.btor2 -kmax 200",
            "mean": 300.0819009502,
            "stddev": 0.012021191693504437,
            "median": 300.0769902128,
            "user": 283.29642592,
            "system": 16.76098262,
            "min": 300.0759187618,
            "max": 300.10338604180004,
            "times": [
              300.0770675388,
              300.0759187618,
              300.0769902128,
              300.0761421958,
              300.10338604180004
            ],
            "exit_codes": [
              124,
              124,
              124,
              124,
              124
            ]
          }
        ]
      },
      "wc_raw": 1338443,
      "wc_btormc_dump": 67044
    }
  },
  "simple-assignment-1-35-rotorized.btor2": {
    "Success": {
      "props": [
        {
          "kind": "Bad",
          "name": "core-0-bad-exit-code",
          "node": 43003,
          "idx": 6
        }
      ],
      "steps": 97,
      "hyperfine": {
        "results": [
          {
            "command": "timeout --foreground 300s btormc ../selfie/examples/symbolic/simple-assignment-1-35-rotorized.btor2 -kmax 200",
            "mean": 121.73001844612,
            "stddev": 1.2424145023614406,
            "median": 121.10284295312,
            "user": 117.81733015999998,
            "system": 3.88086492,
            "min": 120.59144926612,
            "max": 123.15453771912,
            "times": [
              122.99544020712,
              123.15453771912,
              120.80582208512,
              121.10284295312,
              120.59144926612
            ],
            "exit_codes": [
              0,
              0,
              0,
              0,
              0
            ]
          }
        ]
      },
      "wc_raw": 907195,
      "wc_btormc_dump": 61241
    }
  },
  "simple-decreasing-loop-1-35-rotorized.btor2": {
    "Success": {
      "props": [
        {
          "kind": "Bad",
          "name": "core-0-bad-exit-code",
          "node": 43003,
          "idx": 6
        }
      ],
      "steps": 100,
      "hyperfine": {
        "results": [
          {
            "command": "timeout --foreground 300s btormc ../selfie/examples/symbolic/simple-decreasing-loop-1-35-rotorized.btor2 -kmax 200",
            "mean": 114.61688073198,
            "stddev": 0.8955702114089574,
            "median": 114.42370740818,
            "user": 112.18924388,
            "system": 2.4068650600000003,
            "min": 113.67234664718,
            "max": 115.64366905718,
            "times": [
              113.89186680918,
              113.67234664718,
              115.45281373818,
              115.64366905718,
              114.42370740818
            ],
            "exit_codes": [
              0,
              0,
              0,
              0,
              0
            ]
          }
        ]
      },
      "wc_raw": 966034,
      "wc_btormc_dump": 62469
    }
  },
  "memory-access-fail-1-35-rotorized.btor2": {
    "Success": {
      "props": [
        {
          "kind": "Bad",
          "name": "core-0-load-seg-fault",
          "node": 66047,
          "idx": 9
        }
      ],
      "steps": 67,
      "hyperfine": {
        "results": [
          {
            "command": "timeout --foreground 300s btormc ../selfie/examples/symbolic/memory-access-fail-1-35-rotorized.btor2 -kmax 200",
            "mean": 0.13697486084000002,
            "stddev": 0.001440548449716394,