{
  "division-by-zero-3-35-rotorized.btor2": {
    "Success": {
      "props": [
        {
          "kind": "Bad",
          "name": "core-0-division-by-zero",
          "node": 50067,
          "idx": 7
        }
      ],
      "steps": 77,
      "hyperfine": {
        "results": [
          {
            "command": "timeout --foreground 300s btormc ../selfie/examples/symbolic/division-by-zero-3-35-rotorized.btor2 -kmax 200",
            "mean": 0.17870585120000002,
            "stddev": 0.0014260295302838157,
            "median": 0.1792407272,
            "user": 0.15736197999999998,
            "system": 0.02072972,
            "min": 0.17675825020000002,
            "max": 0.1804139542,
            "times": [
              0.1792976752,
              0.1792407272,
              0.17675825020000002,
              0.1778186492,
              0.1804139542
            ],
            "exit_codes": [
              0,
              0,
              0,
              0,
              0
            ]
          }
        ]
      },
      "wc_raw": 1108279,
      "wc_btormc_dump": 95509
    }
  },
  "nested-if-else-1-35-rotorized.btor2": {
    "Success": {
      "props": [
        {
          "kind": "Bad",
          "name": "core-0-bad-exit-code",
          "node": 54003,
          "idx": 6
        }
      ],
      "steps": 101,
      "hyperfine": {
        "results": [
          {
            "command": "timeout --foreground 300s btormc ../selfie/examples/symbolic/nested-if-else-1-35-rotorized.btor2 -kmax 200",
            "mean": 140.35498951632002,
            "stddev": 0.9816600272279116,
            "median": 140.75358213132,
            "user": 131.4628029,
            "system": 8.854814559999998,
            "min": 138.95258899031998,
            "max": 141.23436417732,
            "times": [
              138.95258899031998,
              141.10567571832,
              141.23436417732,
              140.75358213132,
              139.72873656432
            ],
            "exit_codes": [
              0,
              0,
              0,
              0,
              0
            ]
          }
        ]
      },
      "wc_raw": 1198503,
      "wc_btormc_dump": 96590
    }
  },
  "nested-if-else-reverse-1-35-rotorized.btor2": {
    "Success": {
      "props": [
        {
          "kind": "Bad",
          "name": "core-0-bad-exit-code",
          "node": 54003,
          "idx": 6
        }
      ],
      "steps": 104,
      "hyperfine": {
        "results": [
          {
            "command": "timeout --foreground 300s btormc ../selfie/examples/symbolic/nested-if-else-reverse-1-35-rotorized.btor2 -kmax 200",
            "mean": 225.41623790599996,
            "stddev": 1.4761785357617354,
            "median": 225.3548203204,
            "user": 208.3106111,
            "system": 17.089791799999997,
            "min": 223.7134163594,
            "max": 226.9533971244,
            "times": [
              225.3548203204,
              226.9533971244,
              226.8382880524,
              223.7134163594,
              224.2212676734
            ],
            "exit_codes": [
              0,
              0,
              0,
              0,
              0
            ]
          }
        ]
      },
      "wc_raw": 1205975,
      "wc_btormc_dump": 96750
    }
  },
  "recursive-fibonacci-1-10-rotorized.btor2": {
    "Success": {
      "props": [
        {
          "kind": "Bad",
          "name": "core-0-bad-exit-code",
          "node": 54003,
          "idx": 6
        }
      ],
      "steps": 119,
      "hyperfine": {
        "results": [
          {
            "command": "timeout --foreground 300s btormc ../selfie/examples/symbolic/recursive-fibonacci-1-10-rotorized.btor2 -kmax 200",
            "mean": 172.37700003258,
            "stddev": 1.4917960115307587,
            "median": 172.12009895338,
            "user": 160.87639556,
            "system": 11.48510884,
            "min": 171.16822396338,
            "max": 174.86306873338,
            "times": [
              171.16822396338,
              171.28648255038,
              174.86306873338,
              172.44712596238,
              172.12009895338
            ],
            "exit_codes": [
              0,
              0,
              0,
              0,
              0
            ]
          }
        ]
      },
      "wc_raw": 1277476,
      "wc_btormc_dump": 97458
    }
  },
  "nested-recursion-fail-1-35-rotorized.btor2": {
    "Failed": {
      "output": "",
      "hyperfine": {
        "results": [
          {
            "command": "timeout --foreground 300s btormc ../selfie/examples/symbolic/nested-recursion-fail-1-35-rotorized.btor2 -kmax 200",
            "mean": 300.10960300607996,
            "stddev": 0.008113565148499736,
            "median": 300.11386387688,
            "user": 262.68404365999993,
            "system": 37.39679992,
            "min": 300.09554833387995,
            "max": 300.11473392488,
            "times": [
              300.09554833387995,
              300.11421845288,
              300.11473392488,
              300.11386387688,
              300.10965044188
            ],
            "exit_codes": [
              124,
              124,
              124,
              124,
              124
            ]
          }
        ]
      },
      "wc_raw": 1476740,
      "wc_btormc_dump": 100044
    }
  },
  "simple-if-else-reverse-1-35-rotorized.btor2": {
    "Success": {
      "props": [
        {
          "kind": "Bad",
          "name": "core-0-bad-exit-code",
          "node": 50203,
          "idx": 6
        }
      ],
      "steps": 109,
      "hyperfine": {
        "results": [
          {
            "command": "timeout --foreground 300s btormc ../selfie/examples/symbolic/simple-if-else-reverse-1-35-rotorized.btor2 -kmax 200",
            "mean": 158.13010716457998,
            "stddev": 1.6500318296131964,
            "median": 159.03391789958,
            "user": 149.34871596,
            "system": 8.762419519999998,
            "min": 155.97707828958,
            "max": 159.61753020358,
            "times": [
              159.03391789958,
              159.61753020358,
              159.27536520357998,
              156.74664422658,
              155.97707828958
            ],
            "exit_codes": [
              0,
              0,
              0,
              0,
              0
            ]
          }
        ]
      },
      "wc_raw": 1127017,
      "wc_btormc_dump": 95832
    }
  },
  "simple-increasing-loop-1-35-rotorized.btor2": {
    "Success": {
      "props": [
        {
          "kind": "Bad",
          "name": "core-0-bad-exit-code",
          "node": 49003,
          "idx": 6
        }
      ],
      "steps": 94,
      "hyperfine": {
        "results": [
          {
            "command": "timeout --foreground 300s btormc ../selfie/examples/symbolic/simple-increasing-loop-1-35-rotorized.btor2 -kmax 200",
            "mean": 55.20338861922001,
            "stddev": 0.39966729235336895,
            "median": 55.08626618642,
            "user": 53.97995098,
            "system": 1.21591576,
            "min": 54.80193421042,
            "max": 55.84818518442,
            "times": [
              54.80193421042,
              54.99828553242,
              55.08626618642,
              55.28227198242,
              55.84818518442
            ],
            "exit_codes": [
              0,
              0,
              0,
              0,
              0
            ]
          }
        ]
      },
      "wc_raw": 1070621,
      "wc_btormc_dump": 95128
    }
  },
  "three-level-nested-loop-fail-1-35-rotorized.btor2": {
    "Failed": {
      "output": "",
      "hyperfine": {
        "results": [
          {
            "command": "timeout --foreground 300s btormc ../selfie/examples/symbolic/three-level-nested-loop-fail-1-35-rotorized.btor2 -kmax 200",
            "mean": 300.10372197239997,