{
  "simple-if-else-1-35-rotorized.btor2": {
    "Success": {
      "props": [
        {
          "kind": "Bad",
          "name": "core-0-bad-exit-code",
          "node": 49003,
          "idx": 6
        }
      ],
      "steps": 109,
      "hyperfine": {
        "results": [
          {
            "command": "timeout --foreground 300s btormc ../selfie/examples/symbolic/simple-if-else-1-35-rotorized.btor2 -kmax 200",
            "mean": 117.134522543,
            "stddev": 0.5455518257387143,
            "median": 117.1213051594,
            "user": 113.65399856,
            "system": 3.472539719999999,
            "min": 116.3925497984,
            "max": 117.9296595604,
            "times": [
              117.9296595604,
              116.3925497984,
              117.1213051594,
              117.0563762014,
              117.1727219954
            ],
            "exit_codes": [
              0,
              0,
              0,
              0,
              0
            ]
          }
        ]
      },
      "wc_raw": 1082249,
      "wc_btormc_dump": 97696
    }
  },
  "recursive-ackermann-1-35-rotorized.btor2": {
    "Failed": {
      "output": "",
      "hyperfine": {
        "results": [
          {
            "command": "timeout --foreground 300s btormc ../selfie/examples/symbolic/recursive-ackermann-1-35-rotorized.btor2 -kmax 200",
            "mean": 300.06637949926005,
            "stddev": 0.005815355503943358,
            "median": 300.06640549506,
            "user": 289.90310882000006,
            "system": 10.14377944,
            "min": 300.06055216906003,
            "max": 300.07462800306,
            "times": [
              300.06055216906003,
              300.07462800306,
              300.06904711306004,
              300.06126471606,
              300.06640549506
            ],
            "exit_codes": [
              124,
              124,
              124,
              124,
              124
            ]
          }
        ]
      },
      "wc_raw": 1341685,
      "wc_btormc_dump": 100834
    }
  },
  "invalid-memory-access-fail-2-35-rotorized.btor2": {
    "Success": {
      "props": [
        {
          "kind": "Bad",
          "name": "core-0-store-seg-fault",
          "node": 50341,
          "idx": 10
        }
      ],
      "steps": 80,
      "hyperfine": {
        "results": [
          {
            "command": "timeout --foreground 300s btormc ../selfie/examples/symbolic/invalid-memory-access-fail-2-35-rotorized.btor2 -kmax 200",
            "mean": 5.5181446876599995,
            "stddev": 0.021274205102559087,
            "median": 5.52877609226,
            "user": 5.393293819999999,
            "system": 0.12384328,
            "min": 5.48840796626,
            "max": 5.5387055602599995,
            "times": [
              5.5387055602599995,
              5.52877609226,
              5.53136787826,
              5.50346594126,
              5.48840796626
            ],
            "exit_codes": [
              0,
              0,
              0,
              0,
              0
            ]
          }
        ]
      },
      "wc_raw": 1037865,
      "wc_btormc_dump": 97438
    }
  },
  "nested-if-else-reverse-1-35-rotorized.btor2": {
    "Success": {
      "props": [
        {
          "kind": "Bad",
          "name": "core-0-bad-exit-code",
          "node": 50043,
          "idx": 6
        }
      ],
      "steps": 104,
      "hyperfine": {
        "results": [
          {
            "command": "timeout --foreground 300s btormc ../selfie/examples/symbolic/nested-if-else-reverse-1-35-rotorized.btor2 -kmax 200",
            "mean": 259.23082413328,
            "stddev": 1.3226468241830729,
            "median": 258.65755991128003,
            "user": 230.12247334,
            "system": 29.08853866,
            "min": 258.00357126728005,
            "max": 261.28629540228,
            "times": [
              259.77615238828,
              261.28629540228,
              258.43054169728003,
              258.65755991128003,
              258.00357126728005
            ],
            "exit_codes": [
              0,
              0,
              0,
              0,
              0
            ]
          }
        ]
      },
      "wc_raw": 1161473,
      "wc_btormc_dump": 98767
    }
  },
  "recursive-factorial-fail-1-35-rotorized.btor2": {
    "Failed": {
      "output": "",
      "hyperfine": {
        "results": [
          {
            "command": "timeout --foreground 300s btormc ../selfie/examples/symbolic/recursive-factorial-fail-1-35-rotorized.btor2 -kmax 200",
            "mean": 300.09902130016,
            "stddev": 0.0009823916684562654,
            "median": 300.09925789415996,
            "user": 265.81563098000004,
            "system": 34.2494913,
            "min": 300.09744660516,
            "max": 300.09984265316,
            "times": [
              300.09984265316,
              300.09925789415996,
              300.09978790516,
              300.09877144316,
              300.09744660516
            ],
            "exit_codes": [
              124,
              124,
              124,
              124,
              124
            ]
          }
        ]
      },
      "wc_raw": 1206588,
      "wc_btormc_dump": 99271
    }
  },
  "simple-assignment-1-35-rotorized.btor2": {
    "Success": {
      "props": [
        {
          "kind": "Bad",
          "name": "core-0-bad-exit-code",
          "node": 49003,
          "idx": 6
        }
      ],
      "steps": 97,
      "hyperfine": {
        "results": [
          {
            "command": "timeout --foreground 300s btormc ../selfie/examples/symbolic/simple-assignment-1-35-rotorized.btor2 -kmax 200",
            "mean": 160.08099510798,
            "stddev": 1.6798139625081474,
            "median": 160.02108971197998,
            "user": 154.21296897999997,
            "system": 5.845704679999999,
            "min": 158.58101742597998,
            "max": 162.80202509498,
            "times": [
              160.02108971197998,
              162.80202509498,
              158.58101742597998,
              160.19159559297998,
              158.80924771398
            ],
            "exit_codes": [
              0,
              0,
              0,
              0,
              0
            ]
          }
        ]
      },
      "wc_raw": 1003304,
      "wc_btormc_dump": 96675
    }
  },
  "simple-if-else-reverse-1-35-rotorized.btor2": {
    "Failed": {
      "output": "",
      "hyperfine": {
        "results": [
          {
            "command": "timeout --foreground 300s btormc ../selfie/examples/symbolic/simple-if-else-reverse-1-35-rotorized.btor2 -kmax 200",
            "mean": 300.03752003404,
            "stddev": 0.0009969046982436973,
            "median": 300.03751411344,
            "user": 294.34613134,
            "system": 5.65735878,
            "min": 300.03642806844,
            "max": 300.03871782544,
            "times": [
              300.03665058244,
              300.03871782544,
              300.03751411344,
              300.03828958044,
              300.03642806844
            ],
            "exit_codes": [
              124,
              124,
              124,
              124,
              124
            ]
          }
        ]
      },
      "wc_raw": 1082515,
      "wc_btormc_dump": 97848
    }
  },
  "simple-increasing-loop-1-35-rotorized.btor2": {
    "Success": {
      "props": [
        {
          "kind": "Bad",
          "name": "core-0-bad-exit-code",
          "node": 49003,
          "idx": 6
        }
      ],
      "steps": 94,
      "hyperfine": {
        "results": [
          {
            "command": "timeout --foreground 300s btormc ../selfie/examples/symbolic/simple-increasing-loop-1-35-rotorized.btor2 -kmax 200",
            "mean": 68.47608725554,
            "stddev": 0.2910398964919055,
            "median": 68.31852275134,