{
  "recursive-factorial-fail-1-35-rotorized.btor2": {
    "Failed": {
      "output": "",
      "hyperfine": {
        "results": [
          {
            "command": "timeout --foreground 300s btormc ../selfie/examples/symbolic/recursive-factorial-fail-1-35-rotorized.btor2 -kmax 200",
            "mean": 300.08586124510003,
            "stddev": 0.005501288590020926,
            "median": 300.0825565855,
            "user": 270.96035231999997,
            "system": 29.09349894,
            "min": 300.0807390105,
            "max": 300.0926051665,
            "times": [
              300.0825565855,
              300.08240145450003,
              300.0926051665,
              300.0910040085,
              300.0807390105
            ],
            "exit_codes": [
              124,
              124,
              124,
              124,
              124
            ]
          }
        ]
      },
      "wc_raw": 1270683,
      "wc_btormc_dump": 91097
    }
  },
  "simple-assignment-1-35-rotorized.btor2": {
    "Success": {
      "props": [
        {
          "kind": "Bad",
          "name": "core-0-bad-exit-code",
          "node": 49003,
          "idx": 6
        }
      ],
      "steps": 97,
      "hyperfine": {
        "results": [
          {
            "command": "timeout --foreground 300s btormc ../selfie/examples/symbolic/simple-assignment-1-35-rotorized.btor2 -kmax 200",
            "mean": 139.23673141314,
            "stddev": 0.29393095038853423,
            "median": 139.09291428954,
            "user": 134.39187076000002,
            "system": 4.823746259999998,
            "min": 139.01625098654,
            "max": 139.72547967454,
            "times": [
              139.72547967454,
              139.29630051154,
              139.05271160354,
              139.01625098654,
              139.09291428954
            ],
            "exit_codes": [
              0,
              0,
              0,
              0,
              0
            ]
          }
        ]
      },
      "wc_raw": 1056230,
      "wc_btormc_dump": 88362
    }
  },
  "memory-access-fail-1-35-rotorized.btor2": {
    "Success": {
      "props": [
        {
          "kind": "Bad",
          "name": "core-0-load-seg-fault",
          "node": 70107,
          "idx": 9
        }
      ],
      "steps": 67,
      "hyperfine": {
        "results": [
          {
            "command": "timeout --foreground 300s btormc ../selfie/examples/symbolic/memory-access-fail-1-35-rotorized.btor2 -kmax 200",
            "mean": 0.16655329812000003,
            "stddev": 0.0012417903620745283,
            "median": 0.16681933392,
            "user": 0.1504821,
            "system": 0.015950600000000002,
            "min": 0.16524438792,
            "max": 0.16784270992,
            "times": [
              0.16759002492,
              0.16524438792,
              0.16681933392,
              0.16527003392,
              0.16784270992
            ],
            "exit_codes": [
              0,
              0,
              0,
              0,
              0
            ]
          }
        ]
      },
      "wc_raw": 2066353,
      "wc_btormc_dump": 105965
    }
  },
  "invalid-memory-access-fail-2-35-rotorized.btor2": {
    "Success": {
      "props": [
        {
          "kind": "Bad",
          "name": "core-0-store-seg-fault",
          "node": 57041,
          "idx": 10
        }
      ],
      "steps": 80,
      "hyperfine": {
        "results": [
          {
            "command": "timeout --foreground 300s btormc ../selfie/examples/symbolic/invalid-memory-access-fail-2-35-rotorized.btor2 -kmax 200",
            "mean": 4.598212137200001,
            "stddev": 0.0348085292388071,
            "median": 4.5968687180000005,
            "user": 4.53095402,
            "system": 0.06687978,
            "min": 4.552301238,
            "max": 4.650371519,
            "times": [
              4.650371519,
              4.552301238,
              4.5968687180000005,
              4.594295287,
              4.597223924000001
            ],
            "exit_codes": [
              0,
              0,
              0,
              0,
              0
            ]
          }
        ]
      },
      "wc_raw": 1113093,
      "wc_btormc_dump": 89293
    }
  },
  "return-from-loop-1-35-rotorized.btor2": {
    "Failed": {
      "output": "",
      "hyperfine": {
        "results": [
          {
            "command": "timeout --foreground 300s btormc ../selfie/examples/symbolic/return-from-loop-1-35-rotorized.btor2 -kmax 200",
            "mean": 300.14420382856,
            "stddev": 0.010357924566015326,
            "median": 300.14086530156,
            "user": 268.29139277999997,
            "system": 31.79738494,
            "min": 300.13750270056,
            "max": 300.16242621656,
            "times": [
              300.13750270056,
              300.14086530156,
              300.13816804156,
              300.16242621656,
              300.14205688256
            ],
            "exit_codes": [
              124,
              124,
              124,
              124,
              124
            ]
          }
        ]
      },
      "wc_raw": 1056229,
      "wc_btormc_dump": 88400
    }
  },
  "simple-if-without-else-1-35-rotorized.btor2": {
    "Success": {
      "props": [
        {
          "kind": "Bad",
          "name": "core-0-bad-exit-code",
          "node": 53003,
          "idx": 6
        }
      ],
      "steps": 102,
      "hyperfine": {
        "results": [
          {
            "command": "timeout --foreground 300s btormc ../selfie/examples/symbolic/simple-if-without-else-1-35-rotorized.btor2 -kmax 200",
            "mean": 30.86356406228,
            "stddev": 0.45536372288932125,
            "median": 30.71251857748,
            "user": 30.257068719999996,
            "system": 0.6042186,
            "min": 30.57310701748,
            "max": 31.66723470748,
            "times": [
              30.71251857748,
              30.60908017748,
              31.66723470748,
              30.57310701748,
              30.75587983148
            ],
            "exit_codes": [
              0,
              0,
              0,
              0,
              0
            ]
          }
        ]
      },
      "wc_raw": 1101493,
      "wc_btormc_dump": 89100
    }
  },
  "nested-if-else-1-35-rotorized.btor2": {
    "Success": {
      "props": [
        {
          "kind": "Bad",
          "name": "core-0-bad-exit-code",
          "node": 53003,
          "idx": 6
        }
      ],
      "steps": 101,
      "hyperfine": {
        "results": [
          {
            "command": "timeout --foreground 300s btormc ../selfie/examples/symbolic/nested-if-else-1-35-rotorized.btor2 -kmax 200",
            "mean": 110.3063775771,
            "stddev": 0.7558262652961231,
            "median": 110.3440744783,
            "user": 103.68041179999996,
            "system": 6.617215280000001,
            "min": 109.0824202073,
            "max": 111.1282830943,
            "times": [
              110.3440744783,
              110.3407465123,
              110.6363635933,
              109.0824202073,
              111.1282830943
            ],
            "exit_codes": [
              0,
              0,
              0,
              0,
              0
            ]
          }
        ]
      },
      "wc_raw": 1214127,
      "wc_btormc_dump": 90357
    }
  },
  "simple-increasing-loop-1-35-rotorized.btor2": {
    "Success": {
      "props": [
        {
          "kind": "Bad",
          "name": "core-0-bad-exit-code",
          "node": 49003,
          "idx": 6
        }
      ],
      "steps": 94,
      "hyperfine": {
        "results": [
          {
            "command": "timeout --foreground 300s btormc ../selfie/examples/symbolic/simple-increasing-loop-1-35-rotorized.btor2 -kmax 200",
            "mean": 160.23469829818,
            "stddev": 1.488470299084021,